,sample_id,Pred_Age,CVD_risk,T2D_risk
GSM6425155,GSM6425155,62.04614,0.28215465,0.004543066
GSM6425157,GSM6425157,59.835995,0.41767952,0.15571934
GSM6425173,GSM6425173,61.92063,0.5556496,0.07186389
GSM6425633,GSM6425633,70.48974,0.8324688,0.38675702
GSM6425989,GSM6425989,60.72024,0.16959272,0.0
GSM6426061,GSM6426061,38.491207,0.16037554,0.0
